Gene	p_value_test_2	confirm_diff
CYTIP	1.5153831204355098e-77	0.7313897235198099
hCG_1980662	1.5153831204355098e-77	0.6876840926312782
PTPRC	1.5153831204355098e-77	0.6786792775553157
CD101	2.637268507772911e-77	0.6648081924935623
MYO1G	1.5153831204355098e-77	0.6622082800198079
FCER1G	1.5153831204355098e-77	0.6552802979054143
TCRDV2J2	1.7051109200364159e-77	0.6542637147810605
PABPC1L2A	3.807015490252916e-68	0.6498318727773436
PIK3CG	1.5153831204355098e-77	0.6485178580377982
HCST	1.665359419108138e-77	0.6470688749704535
CD6	1.5153831204355098e-77	0.6442164478377246
CPA3	1.5153831204355098e-77	0.6408285729369986
CCR7	1.5153831204355098e-77	0.6408187827119517
ARHGAP15	1.51535909545656e-77	0.6375052091121582
CARD8	1.5153831204355098e-77	0.6329241034315323
LRMP	1.5153831204355098e-77	0.6320497387935394
MIR142	1.5153831204355098e-77	0.62562455898211
S1PR4	1.5153831204355098e-77	0.6250285623738036
hADV36S1	1.5153831204355098e-77	0.6192091757533191
HPGDS	1.5153831204355098e-77	0.6179452800550722
C16orf54	1.5153831204355098e-77	0.6152270138948797
LAG3	1.5333674528574012e-77	0.6146301001484403
PLN	1.5153831204355098e-77	0.609471693257454
TRAF3IP3	1.5153831204355098e-77	0.6088407043561168
CCR4	1.5153831204355098e-77	0.6051013375867134
PTPRCAP	1.5153831204355098e-77	0.6036741263147727
NCKAP1L	1.5153831204355098e-77	0.6032606442389188
PABPC1L2B	8.177353168886649e-65	0.5946299011840254
CD22	1.5153831204355098e-77	0.5946248054915355
SCT	1.5333674528574012e-77	0.5890721430116964
GPR84	1.5153831204355098e-77	0.5879970997112933
GPR55	3.1840849891928835e-77	0.5871236884835654
GPR21	1.5153831204355098e-77	0.5851171315283215
ADORA2A	1.5153831204355098e-77	0.5846367923840738
CLEC12A	2.108256789429608e-77	0.584563646410213
AY927515	1.5153831204355098e-77	0.5832438475834175
PTPN7	1.5153831204355098e-77	0.5825021066748879
NPTX2	4.750369788871602e-77	0.5791018026956504
FERMT3	1.5153831204355098e-77	0.5788426964413791
AIF1	1.5153831204355098e-77	0.5787902362579209
SPN	1.5153831204355098e-77	0.57834289936044
MIR609	1.5153831204355098e-77	0.5772615593957923
HCLS1	1.5153831204355098e-77	0.5756292541925893
BIN2	9.389704137714714e-77	0.5750717779561514
ITGAM	1.5153831204355098e-77	0.5746446286667226
CD79B	1.5153831204355098e-77	0.5738601020165991
TBC1D10C	1.5153831204355098e-77	0.5705103558336627
KLRG1	1.5515646042663962e-77	0.5669825560288034
PLD4	1.5153831204355098e-77	0.5659305896694697
KCNAB3	1.5153831204355098e-77	0.5654100446366955
PRPH	1.5153831204355098e-77	0.5652385318716048
ITGAL	1.5153831204355098e-77	0.5622361331348453
C1orf162	6.109237047428252e-76	0.5619630993789552
CLEC14A	1.5153831204355098e-77	0.5610785756757573
GIMAP6	1.5153831204355098e-77	0.5607767886667498
LAPTM5	1.5153831204355098e-77	0.5606912431929215
C8orf56	1.5153831204355098e-77	0.5586765882113697
RGS1	1.5153831204355098e-77	0.5557995905729907
TNFSF8	1.5153831204355098e-77	0.554120664999341
MPL	6.16601089270196e-74	0.5513966941456611
APOBR	1.5153831204355098e-77	0.5500725961684503
NUAK1	2.3167032037903003e-77	0.5496260386966864
PLEK	1.5153831204355098e-77	0.5495966754801676
MS4A4A	1.5153831204355098e-77	0.5453605506358196
AX747178	2.5456943036325442e-77	0.5450743298544173
CENPVL1	1.1340901328587386e-67	0.5448834658652512
TMIGD2	1.5153831204355098e-77	0.5431924579536569
BZRAP1	1.5153831204355098e-77	0.5427627352634783
HSF5	1.665359419108138e-77	0.5413778923602065
KLHL6	1.5153831204355098e-77	0.5410228369263845
SLA2	1.5153831204355098e-77	0.5405334389543657
CLEC4A	1.5153831204355098e-77	0.5343469611768994
KLHL14	1.5153831204355098e-77	0.5343086297038157
SEMA6B	5.6002910410020145e-77	0.5338517794050209
LOC100132111	4.806561249787432e-77	0.5316141482315885
LOC100233209	1.6074582312271488e-77	0.5301403815798894
BC043573	1.5153831204355098e-77	0.52819922435491
GPR114	1.5153831204355098e-77	0.5274900845437248
DQ587262	7.781718670629595e-77	0.5274569508807183
IL10	1.5153831204355098e-77	0.5260329027151835
TREML2	1.5153831204355098e-77	0.5246504702247818
DOCK11	2.0650184644807143e-19	0.5239896265967074
CD69	1.9875867549177888e-77	0.5235365739590458
SELPLG	1.5153831204355098e-77	0.5235324226299666
CFH	1.2012878666545918e-76	0.52171676924787
CASS4	1.5886074378901965e-77	0.5212942990420868
C2CD4D	1.5153831204355098e-77	0.5209929579753517
LOC152225	1.6458315750233612e-77	0.5208835571655762
NFAM1	4.273228263370022e-77	0.5207661138734205
PRAM1	1.5153831204355098e-77	0.5202579732499398
LAT	1.5153831204355098e-77	0.5199278453798847
KRTAP5-1	1.5153831204355098e-77	0.51937933227861
CD37	1.5153831204355098e-77	0.5186974730275566
CEBPE	1.5153831204355098e-77	0.5181646171423934
DOK2	1.5153831204355098e-77	0.5157973710471702
TMEM150B	1.5699770857383636e-77	0.5138112682353608
KCNK17	1.5153831204355098e-77	0.513009168758874
GPR18	1.9642922074414417e-77	0.5118859268722261
OSM	1.5153831204355098e-77	0.5104391918875428
QRFP	1.1328805769114352e-76	0.5097551409252414
REC8	1.5153831204355098e-77	0.5094254646594955
C15orf53	1.5153831204355098e-77	0.5089048145664166
C3AR1	2.4864133154673685e-77	0.508302584086785
BTLA	6.601763566373882e-77	0.507838159571898
S100A4	1.5153831204355098e-77	0.5071118787940592
LINC00426	1.5333674528574012e-77	0.5058668159013036
ARHGAP30	1.5333674528574012e-77	0.5029838257702313
TNFRSF25	1.5333674528574012e-77	0.502965107401204
LOC145845	4.0291221041959885e-77	0.5025106273589792
INPP5D	1.5153831204355098e-77	0.5025070980081288
RSPH6A	1.5153831204355098e-77	0.501800669304759
TM7SF4	1.3769349931883704e-72	0.49949104613595197
KLHL34	6.926831029579379e-63	0.49828052052862243
SPI1	1.5153831204355098e-77	0.49803711309239096
SASH3	9.971390194749115e-76	0.49790833921808264
RCN3	1.0425590383253748e-61	0.49789510369126655
DQ576849	1.5333674528574012e-77	0.4973779420500286
MIR1914	2.8094237818298153e-75	0.49595104235469833
ECEL1P2	2.1585457880021036e-77	0.4943211462586575
GPR171	1.7665190656805676e-77	0.4939070163316097
TBX4	1.5153831204355098e-77	0.4929730603059651
RAP1GAP2	1.5153831204355098e-77	0.4908984264721264
LOC100132215	1.5153831204355098e-77	0.49043300180160315
CD38	1.5153831204355098e-77	0.48934570874800515
IRGM	1.1335236205925585e-75	0.4882606405172665
FAM124B	1.665359419108138e-77	0.4869309261440676
MT1JP	1.5153831204355098e-77	0.4854828158391233
KIAA0748	1.6458315750233612e-77	0.4852270545827021
KLHDC7B	1.7737880054762586e-74	0.48381259366762946
AK097190	1.9875867549177888e-77	0.4837388504729463
MIR184	2.515879712506721e-77	0.4833616490901038
IGFLR1	1.5153831204355098e-77	0.4833267739729412
CFP	1.6876931250243363e-76	0.4828106493695093
RGL3	1.3194609635014226e-76	0.4815955739994825
C1orf200	1.5333674528574012e-77	0.4815143384743117
ARHGAP4	1.9682054752559875e-74	0.48146172787780794
GRAP2	1.5153831204355098e-77	0.48143722023656893
C11orf21	1.5153831204355098e-77	0.48137504174165124
C1orf114	1.875353599638157e-76	0.47971777710510455
SYTL3	1.5153831204355098e-77	0.4776158422776596
LRRC25	1.7874746107397808e-77	0.4764932379256972
SCARF1	1.5153831204355098e-77	0.47211846264676416
CXCR3	2.1354515194610286e-66	0.46995651218193696
CD93	1.5153831204355098e-77	0.46861530505548593
NR1I2	1.8960293597615784e-77	0.46706260266658706
MIR138-2	1.6265320664926681e-77	0.46702797287785747
CALCRL	1.5515646042663962e-77	0.4666935389844825
DOK3	1.5153831204355098e-77	0.4661447709185501
ABCD1	4.016721394236445e-35	0.4644439718481076
PROCA1	1.9642922074414417e-77	0.4638992374102092
AK095365	2.200864505891153e-75	0.46266091782002444
EMD	7.029605214081258e-16	0.4626487391457747
EMR1	2.262740297589549e-77	0.4624599654144035
HORMAD2	1.5153831204355098e-77	0.4618995109188313
MCHR2	1.6454138152023222e-75	0.46170191722212794
AK095221	1.5333674528574012e-77	0.46118551991299356
GIMAP8	1.5153831204355098e-77	0.4607893197440286
OXER1	1.5153831204355098e-77	0.45945981257485524
SPNS3	1.5153831204355098e-77	0.45879725905457674
LOC100506757	2.5943093008049417e-54	0.4578186117144683
BPI	9.500554767436234e-77	0.456709513470785
LOC727710	1.9875867549177888e-77	0.45653860503816346
AOAH	1.5153831204355098e-77	0.45612915601382586
IZUMO1	1.5153831204355098e-77	0.45569332909331295
RARRES2	1.5262769288502001e-74	0.45485339994329943
TBX15	1.7874746107397808e-77	0.4543801897691197
HPN	1.2590025223957941e-76	0.453969991713029
LOC100505746	1.5153831204355098e-77	0.4533891403788366
SPRED3	7.10920695829483e-75	0.45219400574066004
P2RX1	1.5153831204355098e-77	0.4514201327274541
ITGA4	1.5153831204355098e-77	0.45035254586945234
TRPC2	4.323791140346737e-77	0.4500931057635127
RRN3P2	1.2738530915579647e-76	0.4492172421941864
SLC22A20	1.5153831204355098e-77	0.44839860955098
SPOCK2	1.5153831204355098e-77	0.4478711527374225
CALML4	4.2041018917046805e-76	0.4476076993654428
RASIP1	4.9791433946773246e-77	0.4471833053109876
PTPN22	1.6851182923504496e-77	0.4468884456255852
TRIM39-RPP21	1.5886074378901965e-77	0.44574923804906164
EDA	4.775660898774404e-39	0.44511658236131335
NLRP1	1.5153831204355098e-77	0.4446305154970616
FAIM3	1.5153831204355098e-77	0.44409378276989997
C19orf38	1.5153831204355098e-77	0.44332694219071705
BC033837	1.5333674528574012e-77	0.4431815147651115
LOC440131	1.5153711078990115e-77	0.4425344848870848
TRNA_Und	8.448325280001694e-77	0.43987798346689577
BX647608	2.472238626562682e-75	0.439778090406287
SIGLEC15	2.133253529335825e-77	0.4393691757454372
NLRC3	1.5153831204355098e-77	0.43931630779381203
AK124226	1.665359419108138e-77	0.43839466174197544
C18orf26	4.493431194304159e-73	0.43819524933972376
RHOH	1.5515646042663962e-77	0.4381198615160956
SLC10A3	1.10337563375613e-45	0.43754695903373153
AK125083	1.6458315750233612e-77	0.43709701700675546
ALOX5AP	1.5153831204355098e-77	0.4369949898208569
TNFAIP8L2-SCNM1	1.5153831204355098e-77	0.4366939806802075
SNX20	1.5153831204355098e-77	0.43645587655222984
GMFG	1.5153831204355098e-77	0.436332850838413
LST1	1.5153831204355098e-77	0.43631152603309026
TTTY15	3.2910416403850664e-36	0.436208411677323
KCNE1L	4.483537013146384e-63	0.43497368844446693
MIR10B	1.5153831204355098e-77	0.43483763994564917
FAM50A	1.8339865150681523e-21	0.433759625271573
ATP8B4	1.5153831204355098e-77	0.4337388443526312
LOC149086	1.5153831204355098e-77	0.43356846344830335
MPO	1.5515646042663962e-77	0.43339572171376994
CRYBB1	2.664492732183179e-76	0.4332264925047755
TCRBV14S1	2.4030923539077097e-69	0.4324772586846055
MTCP1	1.5114346434384552e-45	0.43246589158978627
AX747550	1.5153831204355098e-77	0.4322285695281268
FAM3A	1.2141570249006413e-22	0.4309687257945434
CNR2	1.5153831204355098e-77	0.43094846104172413
SLC26A10	1.5153831204355098e-77	0.43034700950142324
EPHX3	1.5153831204355098e-77	0.429988707440757
LTC4S	7.601081219559578e-77	0.4299407991629336
T-cell receptor IGR b 14 Vbeta 13	5.968257363761815e-76	0.42896623604422973
ELK1	2.720772312717299e-19	0.4287291253138415
AK093746	1.5153831204355098e-77	0.4283313315809304
VSTM1	2.1830277277334204e-73	0.42786967205465076
VNN1	1.3350225494087787e-76	0.42754505582117663
AF086125	1.5333674528574012e-77	0.42683269367194193
FAM155B	9.963688858538597e-35	0.4267665318558073
CCL23	7.781718670629595e-77	0.4259925723334496
ADCY4	1.0418883125414276e-74	0.42587373822041796
CST7	2.995186240939717e-76	0.42549669571722265
SOX3	1.3654011814110106e-66	0.42468431072918283
BC036441	7.601081219559578e-77	0.42433231277970906
DD413687	5.9392568943628724e-77	0.42383352870919766
LOC100130231	2.5456943036325442e-77	0.4235437958156652
C20orf123	1.8960293597615784e-77	0.42302775187925623
VWCE	2.400062975388887e-77	0.42242918056101186
KIAA0125	3.5033065239362777e-75	0.422371614040671
CD27	1.5515646042663962e-77	0.4222366835618204
CD3E	1.5153831204355098e-77	0.4219075344599432
CLIC6	5.436043284539177e-76	0.42181968209604415
RSPH10B	6.298676609214497e-77	0.4199467117353285
C6orf58	7.303592101522365e-65	0.4196605430277645
P2RY13	2.059136133707e-77	0.4188572100316055
LGALS12	1.5153831204355098e-77	0.4182432642146004
BHMT	1.5153831204355098e-77	0.418189226073463
LAGE3	4.114358464416409e-36	0.41812533769287513
CTSG	1.745808500527185e-77	0.4178268501850324
TAZ	3.2177786897031977e-44	0.4176587740979083
IKZF4	8.155935102982386e-77	0.417098579007111
CYTL1	8.622796635404722e-73	0.41588697228159066
POU3F4	2.7280495844189833e-72	0.4157984093734052
OTX2OS1	2.9669037871942397e-77	0.41570977813087717
WAS	1.5515646042663962e-77	0.4144240182329899
DENND1C	1.5153831204355098e-77	0.41440540892907507
SPAG6	1.5153831204355098e-77	0.4141570848558176
JPH4	6.038336979422634e-76	0.41379391131237003
HOXD4	5.4701695122346094e-77	0.41272128258278806
ATP6AP1	1.0737017418647265e-10	0.41259654259725975
RPS4Y1	3.801795467236798e-35	0.4122509403852913
AK094963	1.5153831204355098e-77	0.4118806262777565
MIR143	1.5699770857383636e-77	0.41186309573794494
ETV3L	1.5515646042663962e-77	0.41163553915980355
C1orf54	3.486985357541174e-76	0.4114931045743296
XK	6.633503259933998e-17	0.4114313469511097
P2RY14	1.5333674528574012e-77	0.4106771555879682
TBC1D16	1.1734551802455384e-76	0.4099398843964757
SHROOM4	6.85607372595691e-61	0.4097850278778163
ARG1	6.258151599483282e-75	0.40945713350900603
CHST4	2.4483294332329815e-73	0.4090193069689285
STAP1	2.7001354557217598e-77	0.4088531285818555
SMARCA1	3.0839707568212353e-53	0.408695611599745
LINC00487	1.2155977419558654e-75	0.40826631408992375
BX537900	8.771219438804202e-76	0.40721125759017246
C8orf15	2.158765068777554e-74	0.40718855756497696
CD28	1.5886074378901965e-77	0.4068836649516765
C22orf15	1.5333674528574012e-77	0.40611081465332843
MT1IP	1.5333674528574012e-77	0.405349095804985
NHSL2	6.558675401408483e-30	0.4052876151806913
ANGPT1	3.366788806265705e-76	0.4051203389761512
CMTM2	1.5699770857383636e-77	0.40433965512301967
IRAK1	3.3014065300516026e-53	0.4036091046612337
IFFO1	4.223254996629481e-77	0.40351308032687994
CETN2	3.9118115220772667e-38	0.4030143617929046
LYZ	2.3952509088968516e-74	0.40291679171283196
LOC151174	2.2608599737051353e-74	0.402741006826395
TCEAL6	3.196117227714871e-58	0.40228113575243135
SLC9A7	4.390118807334509e-45	0.40176870755378147
CLEC4E	5.138369863671413e-75	0.40129994166795757
IL27	1.851840189216405e-77	0.3996939031181065
AK056817	5.747729430186323e-71	0.39968230107528996
CRNKL1	1.6074582312271488e-77	0.3993579434055139
LOC100130357	1.5886074378901965e-77	0.399073842731746
HNF1A-AS1	2.1585457880021036e-77	0.3983057738661785
BMP10	3.703321695366584e-63	0.39818106806739056
ICOS	3.710558266518223e-77	0.39812685859570024
SNORA30	6.5246551314302786e-77	0.39804014001177646
MAP3K15	1.6236534633000648e-38	0.39782144923474333
CTSW	1.229817283783052e-76	0.3977895573906164
BC132944	1.851840189216405e-77	0.3977156426736778
C9orf167	6.298676609214497e-77	0.3976625372324961
VWA5B1	1.1196690169691843e-76	0.3973626929894182
SELL	1.918516664028664e-77	0.3965827042178461
IL13RA1	1.0598312819756392e-40	0.39636899947773396
NKG7	1.5153831204355098e-77	0.39557965024522324
ASAP1-IT1	1.6074582312271488e-77	0.3955125470080094
PDIA3P	4.899813711099741e-69	0.3950289371356074
GIMAP1	1.5699770857383636e-77	0.3948878802929176
GPC4	3.090210236285927e-42	0.39433595705080027
ICAM3	1.5153831204355098e-77	0.39401596769712144
DENND2A	6.6070341770906325e-74	0.3938754365512538
SNORD53	7.167570485300469e-77	0.39384576374258823
ZFY	5.258078331606104e-43	0.3935572593853224
PDK3	3.162936581919198e-32	0.3928158498732687
ACSL4	3.289258923992152e-26	0.3924489329110906
CD5	1.7874746107397808e-77	0.39241454667379544
MARK2P9	2.7001354557217598e-77	0.39215590276040807
G6PD	6.444849730440307e-32	0.3920255318144854
PSMD10	1.393638529659427e-23	0.39189658319392784
PRPS2	7.978709358628706e-46	0.3907385406283922
FGD2	1.5153831204355098e-77	0.3906806678075948
MX2	2.2895632288581013e-77	0.3906072587016801
AK057519	3.3828299270067305e-54	0.3900665749275082
MIR1203	1.0326230966760167e-75	0.38985029454811526
PABPC5	5.142960793149524e-70	0.38967839389795256
HOXA11-AS1	1.5153831204355098e-77	0.3895486462771731
AK055694	1.725947959621084e-21	0.389092970668538
ZNF75D	2.627034656313029e-74	0.389001671974168
SUMO1P1	5.5348490024606635e-77	0.3885674245832136
HOXD3	2.108256789429608e-77	0.3885265301398286
EVX2	2.3167032037903003e-77	0.3882899643053119
UTP14A	4.6996154921287495e-35	0.3881813165190935
CSF3R	2.3655301300698017e-73	0.388096990164256
C6orf25	1.5333674528574012e-77	0.38754178224485747
AK300121	1.5153831204355098e-77	0.38744606422789385
IGLL1	5.801282611039737e-77	0.3872089617426365
MYF5	2.797248580560601e-77	0.3871789598286516
BC014606	4.470511286311526e-75	0.38681155614497553
LOC401588	1.153604168047696e-24	0.38661944309304436
BEX1	1.7907147552956212e-48	0.3864251474533327
MMRN1	1.5153831204355098e-77	0.3859312254170897
CFTR	1.78950913704849e-76	0.3848597649089728
ITGB7	1.8301322319841424e-77	0.3848262487044619
AK054710	2.035005451329875e-77	0.3834717715788708
ICAM4	1.5153831204355098e-77	0.3834671537335379
LOC100506779	1.5333674528574012e-77	0.3833599276185029
CCR2	1.665359419108138e-77	0.38320099573723343
OLR1	1.811904951027138e-70	0.3831635691605828
PLXNA3	8.652692073583655e-46	0.382565702250204
HP	1.0937050134483265e-76	0.38140619980606655
ZNF177	1.4990998381375496e-75	0.38126106248457803
JAK3	1.5153831204355098e-77	0.3807049855797843
PRSS57	1.6265320664926681e-77	0.3804230205143595
Ig kappa	3.037604417772783e-77	0.3802671369512361
FAM120C	2.4277259063076557e-35	0.38006647114308323
HCCS	1.1260937093236645e-14	0.3797724471999159
TMSB4Y	4.127147449308295e-30	0.3796225109122429
AK291164	1.0313914799836463e-76	0.37957994642184767
TBL1Y	5.004547325365602e-27	0.37913285171919325
SYP	4.784194819605827e-17	0.37885278571543746
LOC100505583	1.8947946667497496e-72	0.37807953354205165
MAP7D3	1.2072364302653136e-45	0.3773746771461458
LOC646999	3.3376079939449277e-77	0.3769366759998064
PHF16	1.0098274540757633e-21	0.37685868873295447
CDH4	2.2336892395705988e-73	0.3764684912336538
CD79A	1.5153831204355098e-77	0.37639336296869275
AK310094	5.737173157972298e-43	0.3762383848618387
CCDC37	1.5153831204355098e-77	0.37617073127484524
NLRP12	2.6529374622877956e-73	0.3757660549795547
STAB1	1.5547824217228252e-76	0.3754795741049462
CCL24	2.76449662756973e-77	0.37535719800610245
HMGB3	7.31275111632923e-23	0.37495475322590427
INA	2.089387038818061e-66	0.37480057249585136
TMEM132C	1.0937050134483265e-76	0.37460706421254875
PGK1	3.033832719240122e-19	0.3741370583956199
PAX9	1.5153831204355098e-77	0.37380521114049003
CYP1B1-AS1	1.3595871839376407e-74	0.3732057519123572
NKRF	3.114137132884488e-53	0.37282389808201
TNFSF4	1.4577466549191423e-72	0.3713187443172226
LOC339807	4.750369788871602e-77	0.37014921025291053
OR2B2	4.75803885909709e-73	0.36990305248297745
UXT	4.498831647833325e-34	0.3688394192258695
MYO15B	9.54802989595985e-74	0.36882774088151127
PGLYRP1	2.236230716904381e-77	0.3686142084566226
ANGPTL2	4.737566110987957e-75	0.3683969631084487
LOC283403	1.3173091343478355e-73	0.3683774771125965
AK057873	3.2728875577432414e-72	0.36798496395960323
S100Z	1.5153831204355098e-77	0.3679354655642444
ELTD1	1.5153831204355098e-77	0.36784369301781134
WDR44	1.6281574611802983e-43	0.36718706697139447
FANCB	3.211986738518497e-17	0.3671403100329544
CCDC81	1.6265320664926681e-77	0.3670342129438559
ARHGAP25	1.5153831204355098e-77	0.36650090481941944
TMSB15A	6.658551985601391e-48	0.366269984838433
CD33	1.5153831204355098e-77	0.36618009084266245
ARX	6.620171369637155e-66	0.36612588516244055
HIST1H4I	7.537213816264495e-76	0.3655351526928194
DUSP9	3.7754478733530744e-18	0.3652261817839657
AL832593	9.840997100309789e-77	0.36520376594836
ZNF275	3.123491466238284e-16	0.36508170663341066
BC034423	1.5699770857383636e-77	0.36479191517562753
ZNF366	3.5033065239362777e-75	0.36407065394809557
IRS4	1.1109185345339744e-51	0.3636072240367168
SULT1B1	2.2082136404016885e-73	0.36331203492245956
MIR1284	3.1146982327043353e-73	0.36229945785908
F2RL3	8.155935102982386e-77	0.3620307644571778
C6orf223	3.14681746025409e-77	0.36198691121404225
SPATC1	1.5153831204355098e-77	0.36197120770315677
LOC648987	1.0835303606888847e-73	0.3619032418844081
SRY	1.8771392079581538e-46	0.3617487353952613
PTPN6	1.5153831204355098e-77	0.36150231974388214
C22orf33	1.745808500527185e-77	0.3611834608395
ZNF154	3.667147664863623e-77	0.36109850063589277
DGKK	3.986537024209362e-56	0.3609378895967644
C21orf62	1.745808500527185e-77	0.36092569350538944
GPRASP1	1.214257691911026e-62	0.3607184371746859
WDR66	1.656118109608761e-70	0.3605460750206159
NKX2-6	1.5886074378901965e-77	0.36021044188062734
ARHGAP36	3.974665067369502e-70	0.36006955849467626
TYROBP	7.449794783486513e-76	0.35993178695840633
TIMM17B	2.295134195967841e-37	0.3597441748528114
COL16A1	9.189997340515246e-76	0.359425532933322
BC009467	2.3656835265256574e-21	0.35898952922096594
LTK	1.244324586816427e-76	0.3589330955120571
RBM10	2.640894754065652e-32	0.35870739212919894
SLC25A14	9.737654936810506e-17	0.35860125611931204
CUX2	1.5699770857383636e-77	0.35851637110443135
SRCIN1	1.5153831204355098e-77	0.35848715208779114
YIPF6	1.0861170775019876e-50	0.3580068459814599
MEIS1	4.0291221041959885e-77	0.3577116253606615
MIRLET7A3	1.6074582312271488e-77	0.35763048177700807
CSDAP1	1.5333674528574012e-77	0.3570199958028454
WDFY4	1.244324586816427e-76	0.3570138995896922
ADAMTS12	2.796086967200389e-65	0.356748951974958
DCAF12L2	3.850267089350361e-20	0.35670145983806195
GABRQ	8.895845801572789e-36	0.3564723023048142
ZFP42	4.92094021312798e-77	0.3564017833244282
ELANE	4.434147971621554e-71	0.3560798153094822
SOWAHD	5.787274403402214e-26	0.35604311568877967
STAR	1.1872995049008525e-76	0.3560214662455333
FYB	2.4572910576791155e-77	0.35524455200111116
ENPP2	1.2873846759792826e-73	0.3550100867790937
SYN1	2.0560179830607827e-25	0.35495278536181935
LTB	2.5130632853066486e-76	0.35465221571243133
DQ594165	3.26077550511234e-73	0.35460529240004246
GUCY2D	1.5153831204355098e-77	0.35396798541078245
JA483376	1.2154786353859712e-76	0.35355072913672464
UBE2A	3.046663687829625e-31	0.3535364960599499
GVINP1	1.7075833599316628e-76	0.35328455137673526
FAIM2	1.1602485504461775e-75	0.35312391818935607
CCR10	5.458880295086771e-72	0.35300155181032006
SLC7A3	1.5675047257990394e-64	0.3527678106611242
GTF2IRD2P1	2.3441639588634707e-77	0.35276661493490047
PDZD11	1.8676615228299444e-38	0.35271372663759293
ZCCHC12	5.630960507406648e-50	0.35250817974437565
EVI2A	5.138369863671413e-75	0.3518703248525825
MLC1	1.5886074378901965e-77	0.351838987591917
RPL39	1.6894455008146572e-22	0.35117399637726865
MFAP4	9.406803139406292e-76	0.3511710031326196
PSKH2	8.548092970834714e-77	0.3510982811228254
JA429539	3.3500607317251554e-49	0.3510846470380795
NCF4	1.3991204266694962e-76	0.3508962109725775
EVX1	1.5153831204355098e-77	0.3503262142640856
BC008215	2.3385555071617285e-73	0.35030007589475415
GRIK2	1.5886074378901965e-77	0.3500203902175612
RNASE6	1.5153831204355098e-77	0.3499451695724534
GIPC2	2.4285089313906057e-77	0.3498161012076184
TSPAN32	1.3350225494087787e-76	0.3495215062709601
ESX1	1.6281328725156497e-65	0.3494821481510858
C20orf197	1.5153831204355098e-77	0.349441439754492
FAM70A	2.3143521897915985e-57	0.34939095287266936
CHST7	2.269951490589557e-41	0.34935261934784057
PCDHGA11	2.4572910576791155e-77	0.34927129811018676
ESPN	2.1234731955839163e-72	0.34904596779462255
TRPV2	3.073582207112608e-77	0.3490321402847566
NDUFA1	4.967469610430726e-16	0.3489767444200049
NEFM	1.6265320664926681e-77	0.3488901111738054
IL12RB1	2.4395248703826282e-60	0.34866079388956317
C17orf64	3.546195119291233e-74	0.34832286391181966
STAG2	1.0340513472777618e-53	0.34822514356948464
GPC3	2.355590541723875e-39	0.3482070400218999
RSPH10B2	1.5153831204355098e-77	0.34801143954662145
NAA10	5.802437411518428e-47	0.34785378825515717
FAM123B	2.597172858825e-26	0.3478418886196703
SIM1	3.1099848868734248e-77	0.3477822895141024
GIMAP1-GIMAP5	2.4000440000099024e-77	0.3473292066978556
SLC17A8	7.709904108879534e-75	0.34678210264067
MST4	3.0417553611586703e-55	0.34660904440692353
TLX1NB	1.6851182923504496e-77	0.34639275359739763
MT1H	1.5153831204355098e-77	0.34625522180020296
LOC100507254	8.296220061980741e-59	0.34604402432602505
LOC100131434	4.986883142246389e-10	0.3460123207373396
RPL36A	1.5541919760833435e-33	0.34580689148946075
HESX1	1.6851182923504496e-77	0.34577131189923405
MIR4655	1.5333674528574012e-77	0.3457595893491817
FAM156A	2.39145437294175e-24	0.34542664901777
SFTPA1	4.4570386371822957e-76	0.34537213174862536
LONRF3	3.106320010045841e-28	0.3453314552776207
AF520419	4.3474743964330007e-70	0.3450717452598516
CD300A	8.874095281119548e-76	0.3450631641446186
C6orf123	5.784151168406559e-63	0.34501073074101285
PRDX4	8.572063701290203e-45	0.34493658969569874
DNM3	6.18711122102682e-68	0.34487511899259693
GP9	1.7051109200364159e-77	0.34467069308952564
LGALS2	3.828839822529549e-76	0.3446012955003984
AX747062	5.5348490024606635e-77	0.3445735731734405
CASP10	2.664492732183179e-76	0.3442697957034583
NR4A2	1.5153831204355098e-77	0.3442390860928913
TCF21	1.5153831204355098e-77	0.34412864862149883
SLC2A5	3.659837431934119e-71	0.344091396710708
IL18R1	2.1354515194610286e-66	0.343921167145676
FAM58A	1.341353193442403e-46	0.3434201922921717
VAMP5	3.486985357541174e-76	0.3431808152378257
MED12	1.074439514470318e-48	0.34241337939142663
MIR150	1.5886074378901965e-77	0.3421508245885507
ADAMTS20	7.966636260201776e-77	0.3417237460358156
DKC1	6.0519431796298446e-12	0.3416384731438052
LOC285084	1.244324586816427e-76	0.34141866722920483
ACTN2	1.3837358317298984e-71	0.3411585663826651
PCDHGB6	4.806561249787432e-77	0.3408591989793608
PCSK1N	4.4555482980789476e-36	0.34067373520519767
EMID2	1.5153831204355098e-77	0.3406284153985417
AMT	6.009466182904029e-77	0.3405249529616142
NR0B1	3.0334040218418003e-60	0.3403799632544472
CXorf69	1.1498644395402908e-44	0.3397256158512385
ALG1L2	3.3376079939449277e-77	0.3396472122218378
MTMR1	7.881829709869852e-40	0.3391296777206434
HOXD12	1.5153831204355098e-77	0.3389073318880731
RINL	1.5886074378901965e-77	0.3389006120397401
ACN9	1.0741706421932127e-62	0.33864702963779
ARHGEF9	9.081492329880663e-24	0.3384929557192124
PCDHGA12	1.7850693496098584e-75	0.33767234031064464
MIR129-2	3.754481258670467e-77	0.3374681112881488
MTE	2.637268507772911e-77	0.3372370487777584
GPR34	3.7999651092360043e-75	0.33716366670070974
ETV2	3.1099848868734248e-77	0.3368464296893198
PHKA2	6.085556028303578e-55	0.3365012394741036
MTMR7	1.5153831204355098e-77	0.3358877411121358
ZIC3	8.615327449809742e-29	0.33565725977460825
DCAF12L1	2.0027495809806415e-60	0.3352592375582853
C1orf61	1.6074582312271488e-77	0.3349686072448252
APEX2	3.441262404710495e-37	0.3348285490286991
SLITRK4	4.392606845737405e-59	0.33477049078338217
BC073932	1.116819029779063e-74	0.3344969660703894
CFD	1.8301322319841424e-77	0.33435827275784946
MOSPD2	1.6641727811041983e-21	0.334170433579848
PPP1R3F	1.5991463325409706e-10	0.33392124141334084
PRRG1	8.053837121802188e-45	0.33390567173976293
PRKY	1.5152354503673156e-48	0.33383769251030554
DMRT2	1.5153831204355098e-77	0.33374024088454596
SLC9A6	3.9922351602088725e-16	0.3336257591867711
HOXD9	6.1523771193059544e-77	0.33352115604752686
EIF1AY	5.083505809028601e-25	0.3334733453614692
RAP2C	1.0320904522997446e-22	0.33325955735159224
ERG	1.5153831204355098e-77	0.33321326909284643
SCML2	4.3792665886924817e-41	0.333011198666306
RGAG4	1.1325507393052087e-52	0.332845483106199
VSTM2B	3.267480518984397e-75	0.33279778387854564
CD4	1.5699770857383636e-77	0.33246676466887054
GNL3L	3.97512054096258e-34	0.3324609987353253
AK308605	1.5153831204355098e-77	0.3323116597545036
NLGN2	1.5515646042663962e-77	0.33210585164917206
BCAP31	6.113843383277864e-64	0.3319115440721391
CLNK	1.5153831204355098e-77	0.33186617248300115
CA3	9.387869956470312e-75	0.33184215504337955
PHF6	1.1086776962755626e-33	0.33139878539987944
LANCL3	1.2054156637820471e-32	0.3313091698391394
LINC00086	1.0003127689259186e-22	0.3312619776528999
TAF9B	7.840445230903355e-38	0.3312302714801358
AKR7L	7.852086084754348e-74	0.33095300648182135
CD300LD	1.5153831204355098e-77	0.33095283790389773
SCGB1B2P	2.0835521252361817e-77	0.3307987471719067
BC132841	2.0835521252361817e-77	0.330078330824448
SSR4	1.6556414712416746e-47	0.32923667900855114
FCGR2A	1.875353599638157e-76	0.32916678309644737
EGFL7	4.67026825453293e-76	0.3290674945026605
DQ592882	2.547572855327909e-59	0.3289493922964425
LINC00299	2.925926104135726e-76	0.32892133450640093
AL833181	1.5754021558523045e-57	0.3289018329315485
BHLHB9	4.010559506244694e-67	0.32863795539272955
TLX1	1.5886074378901965e-77	0.3286237180550449
NUP62CL	9.673017597580107e-43	0.3285570702408101
CPNE5	4.2041018917046805e-76	0.328515811428919
ANO2	1.5886074378901965e-77	0.32838196813903864
STAG3	2.841828404056106e-73	0.3283533148118827
C1orf150	8.792070352453555e-64	0.32818390990192775
TMEM71	3.9307911510954767e-60	0.3280744247653774
ZIC1	4.273228263370022e-77	0.32789346320668644
BC039382	1.0180424952683413e-74	0.3278847183787813
MAGEH1	9.009690646502676e-30	0.32775124698232516
IL23A	1.2022077008080657e-65	0.32757512081695594
RETN	2.4230700292486903e-74	0.32736165318572347
TAF1	3.2128679362562216e-38	0.3270517755208595
AK304483	1.8920007916715971e-75	0.326852872362179
SMS	2.469487611326167e-55	0.3266777795624406
SPP1	3.422870361035095e-75	0.3261458441232909
NUDT11	1.4275613721322751e-53	0.32609440868146106
CD48	4.0291221041959885e-77	0.32607772104888094
MIR2964A	1.5515646042663962e-77	0.32598631597391803
TCTEX1D1	1.5515646042663962e-77	0.32568865877835584
BARHL2	1.5699770857383636e-77	0.3256879494466854
PRAF2	9.224766967407794e-13	0.3255662884174755
MMRN2	4.155258844064471e-76	0.3252541926003802
AY455283	9.971390194749115e-76	0.32507422953083254
HSPB2	2.061305874534293e-58	0.324515344497711
TNFAIP6	2.0613298071890337e-73	0.3241339871762148
DRD5	5.6002910410020145e-77	0.323850072626846
RPL10	1.4112347271613074e-19	0.3237331830930032
FAM104B	2.3453606153392182e-24	0.323698810063487
TAC1	1.5886074378901965e-77	0.3233233643913458
LOC100506801	6.0954153768771834e-74	0.32302341520226857
GSTM5	1.4540813884650517e-68	0.32281376645363646
EFNB1	2.6474881420851655e-35	0.3227414148011687
PAX3	1.1074125080031797e-75	0.3226687112684666
AK097370	2.9430908444200556e-75	0.3224757366664409
FAM199X	5.127460226543085e-24	0.32247269160658926
DIRC1	2.359900134474629e-75	0.322295160517493
LOC100287314	1.78950913704849e-76	0.32224835281825825
DQ584082	1.4800304595726318e-70	0.321714879845566
TTLL10	1.4308830081704959e-75	0.3216339338460331
FGF2	1.258830367642134e-75	0.321510576010253
CLEC4D	9.019502951978132e-58	0.32128705112440903
SP7	5.372934551255046e-76	0.3211070853013725
LOC100507064	7.404623500909658e-67	0.3211020964632041
ATP8B5P	3.446451832267068e-76	0.3208697562419038
HOXD10	1.5153831204355098e-77	0.3205705713700646
CD300LF	1.4491994411610215e-76	0.32055401186514954
CCDC140	1.5153831204355098e-77	0.32053894479198397
TTTY14	9.419069398426258e-15	0.3199214182352415
OR1F2P	3.3771283342476314e-77	0.31919890069041085
PTPRN	4.848789283434999e-75	0.31900240433419186
MT1L	5.6832768943904e-71	0.3189926157297213
LOC283663	4.394725178997227e-68	0.31898910184214446
HPRT1	6.618798490570243e-37	0.31894110703337974
C1orf87	9.726185844985773e-77	0.3188974301626233
ITGB2	2.5456943036325442e-77	0.31868203851436083
MTM1	3.7441418632685264e-33	0.3184233755877281
ROBO4	6.946107997788475e-76	0.31831756984774595
LDOC1	3.7564656274445307e-41	0.3180706593695584
PQBP1	5.649612720507505e-17	0.31805738898420355
GHRL	3.417115274358199e-77	0.3179795559249197
XIAP	9.340251894580411e-30	0.31762653164153304
ZNF41	1.5680022972410222e-14	0.31753256897351384
FUT7	1.2015184136026458e-75	0.317514055469328
PRSS30P	4.872614901235022e-72	0.3172960904335165
RPL36A-HNRNPH2	4.190115763034201e-15	0.3170705495222235
TLX3	1.8974487162098266e-76	0.31690400276666963
TMEM185A	3.445489649198677e-25	0.31688927710648684
VMA21	1.302492518148384e-7	0.31657315834573696
AV25S1	9.026326988150225e-69	0.31638337857515697
MS4A3	1.0036290525942713e-62	0.31631589540544225
P2RY12	3.446451832267068e-76	0.3159910456342941
LOC404266	8.26489847917457e-75	0.31598699623110277
C4orf49	1.0937050134483265e-76	0.3157195504358109
MSL3	7.955326916017245e-14	0.31567939923364596
WWC3	3.8744904414150697e-44	0.3154336549401205
CNKSR2	1.4949021988672756e-23	0.31537722878252367
GPR101	3.600884151601701e-39	0.3151784581011208
OTUD5	1.5954558209810464e-11	0.3151193660115803
GCKR	1.4835744176795e-76	0.31483086954628586
LAIR1	1.5515646042663962e-77	0.3144948849798842
TBC1D25	3.060310082388881e-11	0.3144636115602205
PHF8	8.182931180305952e-39	0.31442074505613193
MBTPS2	6.867253557795379e-22	0.314139566113531
PRKCB	2.3407095651704876e-68	0.31412715335440533
SLC38A4	5.724901055202847e-69	0.3141159877868326
BC039385	1.3769349931883704e-72	0.3139659244375008
ATP6AP2	2.5017627838234824e-52	0.31366259347274156
PTX4	2.3441639588634707e-77	0.31356003261129584
GIMAP5	9.389704137714714e-77	0.31328404657680176
LAMP2	4.531286139363527e-11	0.3132776458631881
BC040734	1.9642922074414417e-77	0.31291797390303855
LOC100049716	1.7464741012983342e-40	0.31291198262110453
APLNR	1.725340059505477e-77	0.31287944002791107
HOXA9	1.2738530915579647e-76	0.3123481890582475
SIPA1	1.5153831204355098e-77	0.31218415667269817
MIR4321	4.130115662955986e-59	0.3121143421328974
SIRPB2	1.808678025062401e-77	0.31197255648627353
NRK	4.2429413954912387e-57	0.3118687933161155
ACOT9	3.403713866051701e-31	0.31178307152128576
VSX1	1.5153831204355098e-77	0.3116523517316568
THOC2	7.545667057312527e-34	0.31161683798525946
PADI4	4.125049950420579e-77	0.31153646372513816
GLUD2	3.126695264832158e-34	0.31148181948447395
OPHN1	3.7516911944546366e-27	0.31131245028959853
CD52	1.9642922074414417e-77	0.31124315739356745
BANK1	1.5153831204355098e-77	0.31120840066480326
SLC25A43	1.2011535685470252e-17	0.3111721358105894
TXLNG2P	1.9720787719427324e-19	0.3110189599101689
PRICKLE3	1.654091772910177e-21	0.310766132547446
RNASE2	1.0063244353156868e-74	0.3105342560337865
P2RY11	3.186902545865885e-73	0.3104711121396099
MAOA	1.0787243942853296e-29	0.31010524755758284
FMR1	1.5512877358668003e-6	0.3099918811426849
PYY	1.0558803856123545e-76	0.3097230244341782
CPA6	1.78950913704849e-76	0.3095961403150781
ITM2A	2.0692249673398692e-50	0.309560190822159
SLC35A2	2.0274148292235866e-39	0.30952495961961207
SRPX	3.393154601835788e-48	0.3094075425082103
FOXG1	2.6685173847199226e-77	0.30937357289472384
PDGFRB	8.517454766910753e-68	0.30917854378786774
ARMCX5-GPRASP2	7.495126464608881e-40	0.308151973667912
ADAMTS16	5.0694885705716224e-74	0.30812387087758564
CXorf57	5.364781845835171e-46	0.3073300719536532
BHLHA9	1.5153831204355098e-77	0.30687657159681453
CCDC8	8.721863450830143e-73	0.3068353290245621
SULT1C4	2.183731082536694e-76	0.3065103529725362
HUWE1	2.9798003670304127e-57	0.3064050578042685
CD40	5.494210325394877e-71	0.30619628224066375
SHANK2	1.725340059505477e-77	0.3060530996235321
IL1B	9.026326988150225e-69	0.306010779277655
LOC158572	7.881402583637896e-35	0.3059067099692682
DDX26B	2.543419119012261e-32	0.30548671666716226
BC050599	2.108256789429608e-77	0.3054081295910785
FLNA	2.476604402913187e-20	0.3051862497131237
TIMM8A	5.618603637924884e-52	0.3050112627469887
CD86	1.0193602384740257e-76	0.3048756707468425
FOLR3	8.85449979935243e-77	0.30446361745282186
KIF4A	4.565921012090328e-24	0.30443563391218487
GPR128	3.425262759080531e-72	0.3042281703420734
WNK3	1.7622796718860413e-30	0.3041072373702094
CXCR2	1.8920007916715971e-75	0.3040740889818484
FGF13	1.1675749693511847e-29	0.30321773482843706
GAL3ST3	5.6233045870461126e-74	0.30314262943084225
SPIN4	4.0099609118528194e-50	0.3031103244660672
ZNF182	3.1443476985893894e-14	0.3031026472011611
ARMCX4	1.88451596007444e-40	0.3025893500204827
GP5	5.038032982270617e-77	0.30234424451674424
RBM3	9.128981877163098e-9	0.30193274312969726
ZNF454	2.6835266753123985e-73	0.30180212167388254
RGS7	5.602421427441767e-68	0.30178086156072464
SLAMF1	1.2209950049422327e-53	0.30174820422748916
BC067347	2.7432243078861446e-37	0.301648971061525
TCF15	2.3441639588634707e-77	0.3014500079579469
GYG2P1	1.7932378950641446e-19	0.3013296842627918
DKK4	5.724901055202847e-69	0.30123488298120193
TBX20	3.073582207112608e-77	0.30105076363562217
BC041818	3.581839861054247e-77	0.3010381119348955
NDUFB11	4.608889720558036e-41	0.300857195745456
DQ589570	1.6179415001113063e-56	0.30056609911656895
SNORA18	2.1972972342116988e-72	0.3005650405058383
AK095439	5.74443677359996e-16	0.3002004862347177
SPON1	5.458346942100209e-73	0.3001702887787822
VBP1	3.9731967854017094e-13	0.30014413458516337
CD84	1.1087295616007835e-73	0.30013817833207657
MMP26	2.1083572767548538e-76	-0.30004951582403083
OR51E2	5.458880295086771e-72	-0.30005629136987105
FGF1	1.5333674528574012e-77	-0.300443791844028
SCGB2B2	5.038253773527871e-73	-0.300598166078771
OR5V1	2.969628818848345e-69	-0.30087359160825944
CLEC3B	1.5515646042663962e-77	-0.30114636388323385
BTNL2	1.0467982256610505e-73	-0.30115863437857615
OR4D6	1.1636169814239494e-69	-0.3019284980219955
HYAL4	7.250731487294824e-72	-0.30194299160431204
SPACA7	1.5341854926701184e-64	-0.30199807558991343
CLEC3A	6.866270887285815e-75	-0.30215470015930246
GP2	1.875772620522175e-61	-0.3022093200023136
GPR111	4.005813940832888e-71	-0.3026989771526057
SERPINA3	1.5333674528574012e-77	-0.30318038269825426
COL6A6	3.3009412333554834e-61	-0.3038466314296905
LOC157273	8.33227682663207e-73	-0.3042643494130105
LOC100506795	1.5153831204355098e-77	-0.3047392631754833
OR1E2	1.3837358317298984e-71	-0.3051826884672329
OR8B2	2.3289026699642057e-71	-0.30526026491886504
FAM197Y2P	3.522593510658134e-33	-0.30547048923815867
DQ573982	2.7391360077072516e-62	-0.3054780222439658
SNORD44	3.0334040218418003e-60	-0.30568613547385204
PKP3	1.5153831204355098e-77	-0.30606471808006497
C20orf54	2.572577036520172e-76	-0.3061650288456376
SNORD113-5	1.7296651381689153e-72	-0.3063539586551375
C15orf37	5.688271240753264e-70	-0.30664830072251203
KCNE4	2.2797605051423576e-66	-0.306762778317648
IQCF2	4.628886859623746e-75	-0.30678960955558077
MIR520D	2.0145663174528683e-73	-0.30721541657645657
UGT2B15	1.3640970131631476e-62	-0.307386892104884
NOX3	4.0270754910570545e-75	-0.3081223101164091
NDST4	4.616025809762749e-76	-0.3084209566896374
PEBP4	1.7051109200364159e-77	-0.3084547282830219
OR51A7	4.391730055538404e-73	-0.30876945831151503
NLRP11	3.80038986747395e-70	-0.3091145758082385
MBD3L1	2.3326200439332904e-75	-0.3091722045038635
OR7G2	8.771219438804202e-76	-0.309212425957367
CHIA	2.6575373349107034e-74	-0.309359090431999
DQ593531	3.198158844011734e-57	-0.3093634997393555
SNORD71	4.92094021312798e-77	-0.3093840969470705
LINC00320	1.6454138152023222e-75	-0.309429295877917
ZC3H12B	7.805655474346636e-76	-0.3096028521818775
CNGA2	7.150660838216837e-63	-0.30979661621850796
AK126491	6.298676609214497e-77	-0.309857544731308
HSP90AB3P	7.008000490928854e-72	-0.30996797493484807
CEACAM16	1.2394060772264923e-74	-0.3100416566125661
SPRR2G	4.396461950235893e-70	-0.31007444581940224
CCDC89	1.7665190656805676e-77	-0.3101522828833825
SLC26A1	2.7002833631536734e-55	-0.31027975819122355
TRIM31	2.1331891326617814e-76	-0.31128136858728994
PYGM	1.2154786353859712e-76	-0.31134307897414554
LOC338797	4.551441042990484e-72	-0.31139492621453824
SPP2	2.3779036562506445e-58	-0.311582961664575
SULT2A1	9.500554767436234e-77	-0.3118343275683149
SNORD32A	2.3167032037903003e-77	-0.31189840574901606
MIR890	1.5713352547823144e-68	-0.31204692812245544
KRTAP13-1	8.757696736698953e-75	-0.3120851890025652
KLK1	2.977486765446399e-75	-0.31234883509689354
RETNLB	8.144039267695502e-73	-0.3133281748336275
TSPY2	1.0799838161389014e-21	-0.31372010503921355
ZG16	3.9710372419401775e-72	-0.31389357735886003
SNORA23	1.0561004367690137e-70	-0.31389634642842046
SLC22A18AS	8.85449979935243e-77	-0.31400660126414004
RGAG1	5.5348490024606635e-77	-0.3143494877967271
IGFALS	1.5916542377767157e-76	-0.31435921905645325
PHACTR1	3.221792595056751e-77	-0.3147945068311946
FAM83E	2.0287806149635897e-75	-0.3149578313550656
TMEM40	1.1697340043367084e-74	-0.31503531491395437
RASSF9	2.5456943036325442e-77	-0.31506580367934445
ACTL10	3.7843634804674574e-73	-0.31526477472378206
OR2M1P	5.311414484656776e-71	-0.31548628358878095
MIR483	1.960881116343973e-68	-0.31566995843245094
RIN2	1.2013066865758546e-76	-0.3158310780281518
SLC6A19	7.167570485300469e-77	-0.31601888124387156
CES5A	3.2985488243459446e-77	-0.3161134906341583
TMEM132B	2.7592813133614003e-72	-0.3161257222449674
VSIG2	2.744877788066468e-75	-0.3175777346237647
EMR4P	1.2538292731733743e-74	-0.3175885083596885
WISP1	1.5699770857383636e-77	-0.3178236206425594
AK025321	2.3952509088968516e-74	-0.3179445013136852
DEFB131	7.10920695829483e-75	-0.317980093897669
CPA4	9.497208847348014e-75	-0.31812100187819203
SULT2B1	5.666504591659449e-77	-0.3187056301735323
CLIC2	1.4817475174875947e-75	-0.3187948446280177
TTR	1.5515646042663962e-77	-0.31881308958095467
PIP	3.2599454593352422e-77	-0.31884300569502944
SNORA81	8.803643479012178e-68	-0.31890968004281806
OR4K17	2.861759754867862e-57	-0.31898507287123345
PLA2G4D	1.5333674528574012e-77	-0.31915366808197515
FAM24A	1.7158755681731686e-71	-0.319215436569242
ITLN1	5.629838523735367e-76	-0.31924460874072885
CIB3	4.69483337362622e-77	-0.3193914737317898
OR11A1	3.6968947716906965e-76	-0.3194702045854738
DEFB121	4.616025809762749e-76	-0.31948823863405745
DL491203	8.622796635404722e-73	-0.319954253537643
OR2W5	5.837577975504217e-75	-0.3201395373455427
PRSS1	1.8059623088152049e-75	-0.320162107272859
MIR452	2.0733894075818165e-70	-0.32019593970515803
CLEC12B	2.2895632288581013e-77	-0.32041110148657914
SNORD87	1.5515646042663962e-77	-0.32051329312699395
MIR3935	1.7051109200364159e-77	-0.3212452067811661
CAPN13	1.5333674528574012e-77	-0.32173070481036753
TRPV6	1.5333674528574012e-77	-0.3217921031413632
LINC00478	7.79975268481273e-75	-0.3219831954102147
OR2B11	2.3981228587176036e-76	-0.3225996089770765
OR10K2	4.709299174149217e-72	-0.3231684503278186
ZSCAN29	1.4990998381375496e-75	-0.3232105068740875
AIM2	1.3188676980969894e-75	-0.3233861868132175
GBP1P1	8.75116635824633e-77	-0.323498363197482
DQ593900	2.8248893642712708e-68	-0.32417444994780253
OR5M10	7.3826790063405565e-65	-0.32446989719779773
ATG9B	2.035005451329875e-77	-0.32458098324643925
TTTY13	2.755850840233384e-34	-0.324855550622865
NOSTRIN	6.1523771193059544e-77	-0.3248728697741208
RBMY1J	3.749309831195352e-11	-0.32503745039845905
MOGAT2	7.781718670629595e-77	-0.3254629729000753
SCGB2A2	1.5153831204355098e-77	-0.3255559171330216
FAM26D	1.5153831204355098e-77	-0.3257449381576144
FKSG83	6.0521356370424715e-68	-0.3259460812009848
AVIL	1.1462475716753e-76	-0.32613143518963744
OR7D4	4.4570386371822957e-76	-0.32654166263867235
PLA2G4F	1.334317879405646e-75	-0.32656753222537327
C20orf160	5.198322922298052e-75	-0.32684421086284743
LOC100507206	1.243764021614933e-73	-0.3269117232731257
Mir_105	5.8551557727208935e-68	-0.3270823600778224
C11orf94	1.5515646042663962e-77	-0.32713914721001036
TMEM139	5.3105563578194674e-76	-0.32751282619306415
CHODL-AS1	7.988890974582948e-69	-0.327734578193126
ADH1C	3.3090587544536155e-74	-0.32776236989256524
PGC	1.0206573467612123e-75	-0.32779789528067926
C1orf158	3.872039556751278e-73	-0.327896283507676
DIO1	1.6074582312271488e-77	-0.3279089195283905
MIR888	1.9601529034178298e-70	-0.32857033200214397
FAM55B	2.7831200448805553e-74	-0.328722080105604
FU270193	2.4838232325505515e-76	-0.3289280364444935
MYT1	3.3816400939931052e-71	-0.32995479100859304
MIR563	3.8201028398240322e-53	-0.33002321421386227
OR1A2	2.2526519870043705e-75	-0.330052878485918
PRG4	6.865525712709414e-76	-0.3303795656165982
KIF25	1.8960293597615784e-77	-0.33049622235026843
REP15	3.588881619733999e-61	-0.33050588578926776
PLAC1	7.690871155923358e-77	-0.33070875664870913
AX747795	1.7097746611603033e-55	-0.3308224103313242
LOC282980	3.713624124077383e-74	-0.33129963675014007
UTS2D	2.637328461002237e-71	-0.33155714424509863
FMNL1	1.7874746107397808e-77	-0.33181643598054233
ZNF536	6.258151599483282e-75	-0.3318734673355982
LINC00341	3.2985488243459446e-77	-0.3319839516900954
KNG1	1.2590025223957941e-76	-0.33210300230667744
OR7G1	3.492795114633654e-73	-0.33212418282628103
KRTAP3-1	3.1755723328089354e-76	-0.33216035278173695
LOC100131726	1.3951891968816507e-73	-0.33220668954509114
AK001394	1.164965835514396e-68	-0.33234842542035203
REG1P	8.901153804395958e-68	-0.33360871459963004
SCGB2A1	1.725340059505477e-77	-0.33365702675139525
MOXD2P	3.102153302377857e-76	-0.33381538723972076
MPZ	3.2711027275275527e-74	-0.33410863834783655
HEPN1	8.97817416725985e-76	-0.3341640411287665
SNORD19	1.745808500527185e-77	-0.3342338032225065
CD1A	2.089401170737024e-66	-0.3343629999561155
RNF186	1.6293978838113334e-76	-0.33468817365114906
OR1A1	1.6293978838113334e-76	-0.3349280158784075
RPS4Y2	3.3257300182320394e-16	-0.33515668656402553
OR52J3	3.5135394646670195e-70	-0.335338639842141
DQ584981	4.750369788871602e-77	-0.3354486493606064
OR6K6	5.157449519292658e-72	-0.336480320979983
PIR-FIGF	9.852325376165971e-38	-0.3366327044493105
ARHGAP32	2.7001354557217598e-77	-0.3369669020193611
HOXA3	1.3792543725818485e-73	-0.33733455724740447
MIR100	2.457271606777759e-69	-0.33740034685319753
MUM1	2.515879712506721e-77	-0.3374383446924124
ZP4	5.274178482515616e-67	-0.3375392115532325
SNX33	3.417115274358199e-77	-0.3382817474755878
TTTY20	5.006980581262954e-10	-0.33881521491038635
PLA2G4E	1.6074582312271488e-77	-0.33970042651081706
C19orf75	6.406162915540759e-73	-0.3397789650354855
FLJ00072	1.4143180613258628e-75	-0.340167531264274
MGC23270	5.397220967781451e-72	-0.3406486874463943
GBP1	1.500292942302384e-62	-0.3410142906324095
FAM101A	2.262740297589549e-77	-0.3410253908940766
OR52L1	4.8628640838276766e-70	-0.3412496475387775
OR52E4	2.4263274646306083e-70	-0.34127942900782
ARID5B	1.0193602384740257e-76	-0.34128234939223884
SNORA38	2.96035421696794e-76	-0.34143628939056614
HSPB9	4.012098582461283e-76	-0.3415099446185117
DQ600333	1.0426764388227402e-68	-0.34184607870210215
GDPD3	1.5333674528574012e-77	-0.34196219708263387
DQ599251	2.0221749063011318e-66	-0.34264496231679253
MYH1	1.7051109200364159e-77	-0.34370405339887844
CD1B	2.37647614146355e-69	-0.3437435539276347
HABP2	7.79975268481273e-75	-0.34418742221514725
PVRL4	1.2590025223957941e-76	-0.34456138216386956
COL17A1	2.8978441187233885e-77	-0.3445754426202665
HTA	4.797118854911974e-65	-0.3445943086490829
PLXNB2	5.572973635315994e-75	-0.3447563922505269
OR4C46	2.210094609286714e-64	-0.344888161483906
SPDEF	1.6265320664926681e-77	-0.3449791388714809
KRTAP5-4	4.792856028717066e-75	-0.34547981257467847
C20orf202	1.5153831204355098e-77	-0.3456157405575435
KIAA1201	1.4156186966838425e-76	-0.346613815080433
C10orf71	1.5515646042663962e-77	-0.3466925016465293
IL1RL1	1.3666968524584032e-76	-0.34699007214013755
POF1B	2.53760516766436e-74	-0.34711449070762435
OBP2A	2.861759754867862e-57	-0.3471838976674144
CYP4Z2P	6.044218603696175e-75	-0.34741279137265124
HEPACAM	1.0711457154566415e-73	-0.3478871666875233
OR4B1	2.033313735316929e-71	-0.347935718532437
GPR87	1.5153831204355098e-77	-0.34808874939391676
TCRBV20S1A1N2	3.366788806265705e-76	-0.34849198337166704
BC039485	3.934651061047559e-75	-0.3486216450697529
CYP11B2	3.585627209944496e-75	-0.3490235249023993
MUC5B	1.5153831204355098e-77	-0.34969504939009355
LOC145837	1.5515646042663962e-77	-0.3502193604762162
OR51F1	2.6529374622877956e-73	-0.3502972212133085
LPA	1.432310943535301e-76	-0.3504862159337596
41164	3.295339233516712e-58	-0.3507514299927823
PROC	8.757696736698953e-75	-0.35080776798699487
OR2M2	6.479829859919862e-73	-0.3508210920714725
FAM196B	1.8484824982613014e-75	-0.3515053118800453
INPP5J	1.5153831204355098e-77	-0.3516155382607992
LCE3E	2.1972972342116988e-72	-0.35184440209343804
OR52N2	2.887813454574793e-72	-0.3521197414715132
CYP4B1	1.5333674528574012e-77	-0.35275884554021225
BC042913	2.7282953704112904e-71	-0.3529914687136164
LINC00313	1.8301322319841424e-77	-0.3533150824490705
KRT80	1.5886074378901965e-77	-0.35357984049288593
CLDN22	3.6242434934251885e-77	-0.3539061320680395
AK123440	1.334317879405646e-75	-0.3544444816463165
IYD	6.080503016053481e-77	-0.35453295755208214
OR8K5	2.8040132119493565e-66	-0.3547046370049335
DEFB119	3.919401386697813e-76	-0.3547896611465365
ELMO3	7.027290736206793e-75	-0.35529124967469106
CCL11	2.515879712506721e-77	-0.35544472790330905
ACER1	1.2154786353859712e-76	-0.3555349164000995
LOC727677	2.819881497899433e-48	-0.356501058613372
SPATA19	4.806561249787432e-77	-0.35652686254913524
OR10X1	2.1825133507534868e-66	-0.35663947787874406
C1orf210	1.2738530915579647e-76	-0.35671783543916347
AK096995	1.661756659296161e-66	-0.3567232621330749
OR51T1	5.572973635315994e-75	-0.3567609944695386
OR5L2	2.0104395906037053e-71	-0.3567818601153235
NPS	2.6842539570236827e-70	-0.3570370374151185
DCDC2B	7.621087509027004e-75	-0.35899237717063553
KRTAP12-2	1.5515646042663962e-77	-0.35922885182543257
BC047373	6.472669866264357e-72	-0.359487033975768
OR10A5	2.681944778386447e-62	-0.3597037960824545
OR5T1	2.8223898294707468e-71	-0.36001314378624605
ZEB2-AS1	1.180778052349489e-71	-0.3601432240398056
SLC18A1	1.5699770857383636e-77	-0.3602138527560117
DEFB134	2.4572910576791155e-77	-0.36031685402376257
DEFB104A	1.2072364302653136e-45	-0.3603877068382084
TNS4	6.080503016053481e-77	-0.36087674612122883
MEP1A	7.167570485300469e-77	-0.3609225061581075
ADAMTS4	4.364151513140651e-74	-0.36147584496034335
FCRL4	3.0782822747016377e-50	-0.3616217018303945
BC064596	1.5699770857383636e-77	-0.36163725655975654
LDHD	1.8960293597615784e-77	-0.36207900749012367
BPIFA4P	2.9669037871942397e-77	-0.3628222664090869
MIR2276	1.0809490276683881e-76	-0.3630396655095779
CASP14L	5.869865537578332e-77	-0.3640030272432311
DM119543	9.623095384434919e-70	-0.3645096631473055
PLEKHG7	4.3780492633625986e-67	-0.3645838452387635
OR10A2	4.68291215244035e-75	-0.36462391251663895
GBA3	8.178462892749798e-76	-0.36482324868108196
XDH	1.5705589002119737e-75	-0.3649533132850572
DQ595836	3.4628555888158997e-75	-0.3664900138213535
OR2D2	3.886526050326746e-70	-0.36658139918614696
LOC100130776	3.0172916229011875e-74	-0.36658993204979107
MIR1-1	1.5515646042663962e-77	-0.3674252704429215
C10orf81	1.1196690169691843e-76	-0.3677533714709368
OR5W2	1.0542511074292611e-71	-0.36821255671100694
SLC16A4	4.317505920628294e-75	-0.36949814798405345
MIR181C	1.7665190656805676e-77	-0.3700803194700329
MIR205	9.026326988150225e-69	-0.37035636905403624
SLURP1	1.5153831204355098e-77	-0.3710552578197075
OR10V1	4.0291221041959885e-77	-0.37145550491267404
SNORD24	2.8978441187233885e-77	-0.37237081683550755
LOC100127888	1.851840189216405e-77	-0.37237235884995246
LGALS17A	1.5649878569197124e-73	-0.37245950535028793
DQ594177	3.465324703360391e-74	-0.37264401156521143
LOC282997	7.110112636733534e-76	-0.37273590031616194
SNORD78	4.532078699581686e-77	-0.37362893878251846
SLC5A12	4.299030979114617e-70	-0.3736884708654926
CAPS	3.539930944933485e-77	-0.3741911530687403
C3orf79	7.083817476568244e-77	-0.37430673174080054
SNORD114-1	9.280070404347952e-77	-0.37447085125862695
MYH4	8.349718695260327e-77	-0.3744815165351455
BLID	9.500554767436234e-77	-0.37474443549354686
MIR105-2	7.52457955919712e-70	-0.37597058642947045
OR2T12	1.0063244353156868e-74	-0.3763471497654539
BBOX1	1.0683413918300924e-76	-0.376349374888026
ASTL	1.0937050134483265e-76	-0.37635434543450097
IL17REL	1.9412699013446e-77	-0.37692628110787696
IAPP	6.635430605421697e-62	-0.377546228182234
PRR15L	1.5699770857383636e-77	-0.37806785108072183
LOC148145	7.110112636733534e-76	-0.37812378914910516
OR5D13	4.287654072277e-69	-0.37824544243641356
LOC100287036	1.432310943535301e-76	-0.37885617631740576
OBP2B	2.3153711633922208e-76	-0.3789731825020035
IL22RA1	2.4285089313906057e-77	-0.3804576600963373
BC104003	1.5333674528574012e-77	-0.3814526462952714
BC084558	3.798922671541516e-77	-0.38173593690003066
LCN9	3.710558266518223e-77	-0.38193144874099355
AHSP	1.5187623548831242e-76	-0.38282650044025196
FAM181A-AS1	6.601763566373882e-77	-0.38345535924226803
IL22RA2	1.3194609635014226e-76	-0.38345591009603264
BLNK	1.5153831204355098e-77	-0.3846498153258334
DEFB126	2.7131614223639997e-075	-0.38487574623765797
WFDC6	1.5515646042663962e-77	-0.38522509547745154
AX748062	6.373122021988261e-77	-0.3855189575125467
ANKS4B	6.758716956658284e-77	-0.3859999616372477
IL1RL2	1.6718514357987483e-64	-0.38608801530393366
NRN1L	2.637268507772911e-77	-0.386328906254889
DQ587623	1.5801483401327857e-74	-0.386674583408977
ANO7	2.515879712506721e-77	-0.38687116789509923
SNORD99	1.7051109200364159e-77	-0.387214470544035
TFF2	2.2895632288581013e-77	-0.38751778123566183
MIR2117	1.0074689419368924e-76	-0.3881510706282297
MSLNL	1.5515646042663962e-77	-0.38843186676248986
TAAR5	2.776963809414168e-75	-0.38864587492212443
CALHM3	1.5153831204355098e-77	-0.3891265798300965
AK311383	3.9340349083083065e-74	-0.3897365476723638
TTTY19	2.9015699272679507e-29	-0.38987080207862906
C20orf151	5.28061824393733e-77	-0.39009230827075736
BC040898	1.6265320664926681e-77	-0.39081711693807597
MLL2	3.710558266518223e-77	-0.39083019894914556
OR6N1	4.586839533310837e-71	-0.39172019605387803
SUSD2	1.5886074378901965e-77	-0.3927145278728996
KCNQ2	1.5886074378901965e-77	-0.39298282659392403
SNORD58C	4.479087201880801e-77	-0.3934308734870571
LOC100507584	1.5886074378901965e-77	-0.3936240013662695
KRT8	1.5153831204355098e-77	-0.394375421712053
LOC100506733	2.8639177422818773e-77	-0.39481221380804454
C14orf64	9.61271023181023e-77	-0.39541475299660434
RDH16	1.9412699013446e-77	-0.3956441470860955
ACTBL2	5.097617047148614e-77	-0.39565588345386604
SPRR1A	3.3597138265536956e-65	-0.39589589424583954
LINC00323	6.838583387679963e-77	-0.39615353964075206
VTCN1	2.0111567536698896e-77	-0.39661443016848097
BC148242	2.6818104660771105e-75	-0.39699017243743506
CP	1.745808500527185e-77	-0.3976784470338005
AK128059	1.4156186966838425e-76	-0.39833373015123963
BPIFB2	7.625655632081808e-76	-0.3983725231319457
OR7C1	1.5153831204355098e-77	-0.3989766710123188
AGMO	2.4863936613725244e-77	-0.3999157692669865
IFLTD1	2.1583125964842815e-76	-0.40003590859105176
LOC100130264	3.044124986613285e-73	-0.40039870399609445
DQ572425	9.389704137714714e-77	-0.40067022252400397
ATP13A4	7.449794783486513e-76	-0.40072427817386996
PSORS1C1	1.6074582312271488e-77	-0.40098501348135707
FOXI1	3.446451832267068e-76	-0.4010800031539522
OR5A1	1.3499485192783714e-75	-0.401569271473685
APCS	4.509418213204643e-76	-0.4018999194557299
AX746996	3.6968947716906965e-76	-0.40206342887706104
BCL2L14	1.5515646042663962e-77	-0.402777275053561
AGR3	7.02763330481316e-76	-0.404210507118951
APOBEC1	1.5153831204355098e-77	-0.4047897419965091
OR2T4	1.0442801786687303e-70	-0.405481238218252
WISP2	1.5153831204355098e-77	-0.4066201671931631
FAM179A	3.221792595056751e-77	-0.4068984594589581
SLC9A9	4.730478976285727e-70	-0.40690857308763495
LOC554174	1.7737880054762586e-74	-0.407046209071839
CCDC26	5.974540547280195e-75	-0.40744236893636043
LOC146336	1.5153831204355098e-77	-0.40752950791904596
6M1-18	5.3745184061571174e-77	-0.40765082313271994
OR7E91P	6.919390836290775e-77	-0.40775454333275885
DCT	1.6851182923504496e-77	-0.40842793061060323
ALB	2.577098820797471e-72	-0.4089263386756895
ALDH3B2	1.5153831204355098e-77	-0.40901733239280236
GGT6	3.14681746025409e-77	-0.40919063277725976
RHBDL2	2.035005451329875e-77	-0.4099412861523658
BC034630	6.401235058798516e-76	-0.4101446897040676
OR8D2	1.5166547644672845e-75	-0.4107273463562665
OR2W1	6.215456189939545e-67	-0.41078376707074105
CYP3A43	4.7251462199536716e-76	-0.41096998755946673
SNORD114-22	1.5515646042663962e-77	-0.4130251581977705
MIR200C	6.838583387679963e-77	-0.4134588391539995
AZGP1	2.133253529335825e-77	-0.4134977052201865
UBD	8.178462892749798e-76	-0.4139304333436905
C4orf51	4.737566110987957e-75	-0.41400173860845824
SNORA6	1.229807651767309e-76	-0.41531408451716356
OR2M3	3.9166340749710134e-73	-0.41536943054630004
TSPY1	1.1340127064273302e-21	-0.41602268710317203
JA429850	7.609218835422465e-70	-0.41646927569897496
MIR153-2	1.7686674260804027e-76	-0.41776975683453
mir-29b-2	1.5153831204355098e-77	-0.4179657593402178
ZNF32-AS3	7.805655474346636e-76	-0.418249022478977
AK294004	1.5333674528574012e-77	-0.41842348814197594
FLJ37505	9.61271023181023e-77	-0.41886030202014135
BC009730	3.4628555888158997e-75	-0.41935662734500945
LOC645591	2.96035421696794e-76	-0.4200154018931212
MIR141	7.512336585358465e-77	-0.420587891295723
DEFB118	9.840997100309789e-77	-0.42120537650894674
RAB17	1.5153831204355098e-77	-0.42145945122251766
KLKB1	1.9642922074414417e-77	-0.4233933231067052
TMPRSS11E	1.6265320664926681e-77	-0.4245901412347659
AMMECR1L	4.0291221041959885e-77	-0.42504228157273594
KRT4	1.5333674528574012e-77	-0.4274735003469589
AK097585	3.14681746025409e-77	-0.42829081492692933
TFF1	2.5130632853066486e-76	-0.4288572627541042
MIR891A	1.5649878569197124e-73	-0.4292778403242215
TMPRSS11F	7.537213816264495e-76	-0.43057769397030093
PLA2G4B	1.4491994411610215e-76	-0.43156781452455195
LOC100128126	5.801282611039737e-77	-0.431984256558933
MTMR11	1.5153831204355098e-77	-0.4336225725313305
MPP4	1.5705589002119737e-75	-0.43389559249859655
OR2T6	1.3022612128891786e-73	-0.4346630502612905
AK127270	1.5166547644672845e-75	-0.43508517545394254
AX747676	1.5153831204355098e-77	-0.4351225156830687
STX19	1.6074582312271488e-77	-0.43558444839000904
CD5L	1.918516664028664e-77	-0.4361603400558599
SPTA1	3.105762682772967e-70	-0.43705425842591006
S100A14	2.2354669783384065e-76	-0.438316070728606
AK128216	5.703746122940746e-75	-0.439014580936507
REG3A	2.2895632288581013e-77	-0.43912001329475403
GPR37L1	2.400062975388887e-77	-0.4393627477239433
OR8J3	7.982593721022401e-75	-0.43947099602689443
EHF	1.5153831204355098e-77	-0.43987247398979135
SLC15A2	1.5333674528574012e-77	-0.4404250976033597
SDR16C5	3.935418803046691e-77	-0.4456230550350203
PDZK1IP1	2.035005451329875e-77	-0.446433030184731
PCK1	2.4285089313906057e-77	-0.4478080577708229
MAB21L3	1.5153831204355098e-77	-0.44822735498914845
ITIH2	1.5699770857383636e-77	-0.45039172195608895
DPM2	1.4491994411610215e-76	-0.4515313563029282
SIRPD	3.710558266518223e-77	-0.4522829075145455
MIRLET7BHG	1.5153831204355098e-77	-0.4528226665392907
BRS3	3.1755723328089354e-76	-0.45354648674385445
GRXCR1	2.0835521252361817e-77	-0.45444223347069046
AK095700	1.851840189216405e-77	-0.456448452402915
MS4A2	1.5153831204355098e-77	-0.4567796971847813
ABCA6	3.3363555525332154e-73	-0.457136271354221
PART1	1.5153831204355098e-77	-0.457399498573992
AK057379	2.4838232325505515e-76	-0.458409270149958
C4orf6	1.5153831204355098e-77	-0.4588384407931285
FCRL2	1.334317879405646e-75	-0.45979820479934547
CLDN8	5.1579037551773075e-77	-0.460140491650208
BNIPL	4.05926368762672e-76	-0.460266130654264
DD182001	2.0111567536698896e-77	-0.46076459534772546
TFF3	1.918516664028664e-77	-0.461986218815875
PHKG1	1.5153831204355098e-77	-0.46249672407104603
DQ571892	1.5886074378901965e-77	-0.4630231481211595
LOC440335	1.5153831204355098e-77	-0.46319407809504737
AX747649	3.221792595056751e-77	-0.46435063922669745
SLC10A6	1.5153831204355098e-77	-0.4658473150895585
BC041872	3.981995628664845e-77	-0.46616980349044046
MIR510	5.304139245681733e-43	-0.46621234683277446
NWD1	1.5153831204355098e-77	-0.46725379393900857
LINC00346	1.5153831204355098e-77	-0.46761806253440164
GRIK1-AS1	1.5153831204355098e-77	-0.46769569618389495
FLJ34503	2.133253529335825e-77	-0.46852111690158754
SLC39A2	1.5153831204355098e-77	-0.46940537289672507
GLT6D1	2.0835521252361817e-77	-0.4698020189781039
SNORA4	1.5333674528574012e-77	-0.47214010190541444
FER1L4	1.5153831204355098e-77	-0.4732728847742801
IL29	1.6074582312271488e-77	-0.47392317621507496
ABCA8	1.5153711078990115e-77	-0.47919219705286453
ATP13A5	6.448444759809785e-77	-0.4792740960765353
C9orf152	1.725340059505477e-77	-0.4802582272993989
OR10J3	2.059136133707e-77	-0.4804533058952875
BC061923	1.6074582312271488e-77	-0.4808961822648715
LOC150381	1.665359419108138e-77	-0.48199129639003335
ELF3	3.2985488243459446e-77	-0.4828701655655978
C19orf21	1.5153831204355098e-77	-0.4838644736280933
FAM83A	1.5333674528574012e-77	-0.4845708518163952
REM2	2.797248580560601e-77	-0.4860756596266849
OR6P1	4.806561249787432e-77	-0.48608514564057503
FAM180A	1.5153831204355098e-77	-0.4861805418020728
OR2L3	4.076804697027988e-77	-0.48758143201422155
DEFB132	1.5699770857383636e-77	-0.4879445404087122
FFAR2	1.5515646042663962e-77	-0.4886558996833067
MIR1204	2.8754830109425446e-75	-0.48866409842075104
PRSS8	1.5153831204355098e-77	-0.48963398668690816
IQCK	4.125049950420579e-77	-0.48970512793955345
DM075093	2.5632399599634986e-73	-0.49000451993890226
HLA-DOB	9.28014320563228e-77	-0.49074698237680725
C6orf62	1.5699770857383636e-77	-0.49176462660704845
C9orf29	1.5153831204355098e-77	-0.49313791503275495
REG3G	2.4864133154673685e-77	-0.49349438730114226
NUPR1	1.5153831204355098e-77	-0.4935060772477271
HCAR1	1.5699770857383636e-77	-0.4944849504944807
OR6Y1	4.863415459916365e-77	-0.49483182828490097
OR2T34	3.6242434934251885e-77	-0.495588013082696
C8orf22	1.5515646042663962e-77	-0.5024674385209615
RAB25	2.133253529335825e-77	-0.5031038318638552
ARHGEF38	1.5153831204355098e-77	-0.509864535451436
ZNF750	1.1328805769114352e-76	-0.5102486620709309
OR2T3	1.6851182923504496e-77	-0.5129740861573215
BC038767	1.5515646042663962e-77	-0.5178115600433605
FXYD3	1.5153831204355098e-77	-0.5190155789492563
AGR2	1.5153831204355098e-77	-0.5220704884796792
SHANK3	1.5153831204355098e-77	-0.524556734794057
DDO	1.5153831204355098e-77	-0.5265760627943179
LOC401109	2.4572910576791155e-77	-0.532339016635333
CD1C	2.108256789429608e-77	-0.533514669729801
PRRG2	1.5153831204355098e-77	-0.5359464711880368
LOC150622	1.5153831204355098e-77	-0.5465917635697515
FRK	1.5699770857383636e-77	-0.5504915371743926
SERPINB5	2.108256789429608e-77	-0.5508550556512453
ANXA9	1.5333674528574012e-77	-0.557343975819649
GPNMB	1.5153831204355098e-77	-0.5592684699137876
SELENBP1	1.5333674528574012e-77	-0.5731864787712471
HRCT1	1.5153831204355098e-77	-0.5747361778771285
S100A16	1.5153831204355098e-77	-0.5818548512581426
AKR1C3	3.6698764369463774e-75	-0.5838194544517312
LOC100271702	1.5153831204355098e-77	-0.6080390210501772
PRELP	1.5515646042663962e-77	-0.6193475942600515
DM119512	1.6458315750233612e-77	-0.669085930016413
MIR21	1.5515646042663962e-77	-0.6777103861978246
